<?xml version="1.0" encoding="UTF-8"?>
<project-private xmlns="http://www.netbeans.org/ns/project-private/1">
    <editor-bookmarks xmlns="http://www.netbeans.org/ns/editor-bookmarks/2" lastBookmarkId="0"/>
    <open-files xmlns="http://www.netbeans.org/ns/projectui-open-files/2">
        <group>
            <file>file:/C:/Users/MoacirjuN/OneDrive/repositório/lbz/assadores-v2/App/Models/Entidades/Imagem.php</file>
            <file>file:/C:/Users/MoacirjuN/OneDrive/repositório/lbz/assadores-v2/App/Models/Entidades/Produto.php</file>
            <file>file:/C:/Users/MoacirjuN/OneDrive/repositório/lbz/assadores-v2/App/Views/produto/detalhe.php</file>
            <file>file:/C:/Users/MoacirjuN/OneDrive/repositório/lbz/assadores-v2/App/Services/ProdutoService.php</file>
            <file>file:/C:/Users/MoacirjuN/OneDrive/repositório/lbz/assadores-v2/App/Controllers/ProdutoController.php</file>
            <file>file:/C:/Users/MoacirjuN/OneDrive/repositório/lbz/assadores-v2/App/Views/home/index.php</file>
            <file>file:/C:/Users/MoacirjuN/OneDrive/repositório/lbz/assadores-v2/App/Controllers/ClienteController.php</file>
            <file>file:/C:/Users/MoacirjuN/OneDrive/repositório/lbz/assadores-v2/App/Models/Entidades/Opcao.php</file>
        </group>
    </open-files>
</project-private>
