<?xml version="1.0" encoding="UTF-8"?>
<project-private xmlns="http://www.netbeans.org/ns/project-private/1">
    <editor-bookmarks xmlns="http://www.netbeans.org/ns/editor-bookmarks/2" lastBookmarkId="0"/>
    <open-files xmlns="http://www.netbeans.org/ns/projectui-open-files/2">
        <group>
            <file>file:/C:/Users/MoacirjuN/OneDrive/repositório/lbz/assadores-v2/App/Models/Entidades/Imagem.php</file>
            <file>file:/C:/Users/MoacirjuN/OneDrive/repositório/lbz/assadores-v2/App/Views/layouts/menu.php</file>
            <file>file:/C:/Users/MoacirjuN/OneDrive/repositório/lbz/assadores-v2/App/Models/Entidades/Produto.php</file>
            <file>file:/C:/Users/MoacirjuN/OneDrive/repositório/lbz/assadores-v2/App/Views/layouts/head.php</file>
            <file>file:/C:/Users/MoacirjuN/OneDrive/repositório/lbz/assadores-v2/App/Views/home/index.php</file>
            <file>file:/C:/Users/MoacirjuN/OneDrive/repositório/lbz/assadores-v2/App/Views/vendedor/lista.php</file>
            <file>file:/C:/Users/MoacirjuN/OneDrive/repositório/lbz/assadores-v2/App/Views/layouts/sidebar.php</file>
            <file>file:/C:/Users/MoacirjuN/OneDrive/repositório/lbz/assadores-v2/App/Controllers/Controller.php</file>
            <file>file:/C:/Users/MoacirjuN/OneDrive/repositório/lbz/assadores-v2/App/Controllers/HomeController.php</file>
            <file>file:/C:/Users/MoacirjuN/OneDrive/repositório/lbz/assadores-v2/App/Views/layouts/header.php</file>
            <file>file:/C:/Users/MoacirjuN/OneDrive/repositório/lbz/assadores-v2/App/Views/layouts/footer.php</file>
            <file>file:/C:/Users/MoacirjuN/OneDrive/repositório/lbz/assadores-v2/App/Lib/Conexao.php</file>
        </group>
    </open-files>
</project-private>
